{"RealSkipBayless": {"game": 7126, "love": 1848, "thanks": 388, "win": 5945, "undisputed": 9825, "lol": 26, "happy": 387, "bro": 7874, "haha": 11, "damn": 15}, "ShannonSharpe": {"game": 2974, "love": 3558, "thanks": 1863, "win": 7665, "undisputed": 149, "lol": 1512, "happy": 900, "bro": 12167, "haha": 923, "damn": 556}, "PatMcAfeeShow": {"game": 2602, "love": 2853, "thanks": 1612, "win": 2730, "undisputed": 16, "lol": 323, "happy": 1320, "bro": 4523, "haha": 4822, "damn": 934}, "stephenasmith": {"game": 1456, "love": 1576, "thanks": 1739, "win": 1210, "undisputed": 3, "lol": 21, "happy": 288, "bro": 3067, "haha": 2, "damn": 1947}, "maxkellerman": {"game": 543, "love": 156, "thanks": 105, "win": 496, "undisputed": 12, "lol": 5, "happy": 32, "bro": 339, "haha": 1, "damn": 16}, "EmmaWatson": {"game": 5, "love": 110, "thanks": 16, "win": 26, "undisputed": 0, "lol": 1, "happy": 36, "bro": 10, "haha": 15, "damn": 2}, "AnnaKendrick47": {"game": 24, "love": 104, "thanks": 38, "win": 51, "undisputed": 0, "lol": 10, "happy": 38, "bro": 69, "haha": 23, "damn": 24}, "VancityReynolds": {"game": 14, "love": 113, "thanks": 58, "win": 57, "undisputed": 0, "lol": 2, "happy": 88, "bro": 45, "haha": 3, "damn": 25}, "Matt_Leblanc": {"game": 0, "love": 11, "thanks": 66, "win": 3, "undisputed": 0, "lol": 2, "happy": 15, "bro": 5, "haha": 12, "damn": 3}, "RobertDowneyJr": {"game": 18, "love": 34, "thanks": 20, "win": 35, "undisputed": 0, "lol": 1, "happy": 50, "bro": 23, "haha": 0, "damn": 0}, "KingJames": {"game": 541, "love": 565, "thanks": 251, "win": 278, "undisputed": 0, "lol": 193, "happy": 254, "bro": 742, "haha": 110, "damn": 90}, "KDTrey5": {"game": 828, "love": 731, "thanks": 511, "win": 665, "undisputed": 0, "lol": 3794, "happy": 275, "bro": 1768, "haha": 530, "damn": 167}, "Giannis_An34": {"game": 44, "love": 39, "thanks": 10, "win": 40, "undisputed": 0, "lol": 17, "happy": 37, "bro": 79, "haha": 3, "damn": 0}, "StephenCurry30": {"game": 511, "love": 263, "thanks": 329, "win": 422, "undisputed": 0, "lol": 585, "happy": 164, "bro": 372, "haha": 236, "damn": 9}, "JoelEmbiid": {"game": 149, "love": 65, "thanks": 66, "win": 78, "undisputed": 0, "lol": 52, "happy": 20, "bro": 82, "haha": 42, "damn": 4}, "steveaoki": {"game": 312, "love": 1767, "thanks": 751, "win": 622, "undisputed": 0, "lol": 242, "happy": 625, "bro": 1137, "haha": 262, "damn": 105}, "CousinStizz": {"game": 1, "love": 4, "thanks": 1, "win": 3, "undisputed": 0, "lol": 2, "happy": 1, "bro": 5, "haha": 0, "damn": 1}, "trvisXX": {"game": 4, "love": 41, "thanks": 7, "win": 9, "undisputed": 0, "lol": 3, "happy": 28, "bro": 16, "haha": 4, "damn": 3}, "justinbieber": {"game": 153, "love": 1975, "thanks": 1422, "win": 318, "undisputed": 0, "lol": 643, "happy": 457, "bro": 613, "haha": 598, "damn": 33}, "ladygaga": {"game": 28, "love": 1135, "thanks": 132, "win": 218, "undisputed": 0, "lol": 8, "happy": 301, "bro": 113, "haha": 39, "damn": 7}, "mcuban": {"game": 104, "love": 60, "thanks": 47, "win": 111, "undisputed": 0, "lol": 53, "happy": 34, "bro": 98, "haha": 0, "damn": 6}, "travisk": {"game": 36, "love": 117, "thanks": 184, "win": 111, "undisputed": 0, "lol": 5, "happy": 52, "bro": 71, "haha": 9, "damn": 15}, "ev": {"game": 38, "love": 124, "thanks": 350, "win": 215, "undisputed": 0, "lol": 9, "happy": 93, "bro": 108, "haha": 5, "damn": 14}, "ariannahuff": {"game": 188, "love": 2103, "thanks": 592, "win": 903, "undisputed": 0, "lol": 25, "happy": 657, "bro": 640, "haha": 2, "damn": 14}, "TonyRobbins": {"game": 175, "love": 439, "thanks": 218, "win": 295, "undisputed": 0, "lol": 94, "happy": 167, "bro": 153, "haha": 0, "damn": 1}, "Jsipple": {"game": 5, "love": 7, "thanks": 62, "win": 16, "undisputed": 0, "lol": 0, "happy": 11, "bro": 9, "haha": 0, "damn": 0}, "informor": {"game": 41, "love": 126, "thanks": 233, "win": 216, "undisputed": 0, "lol": 11, "happy": 72, "bro": 116, "haha": 3, "damn": 9}, "soumitradutta": {"game": 2, "love": 1, "thanks": 6, "win": 11, "undisputed": 0, "lol": 0, "happy": 5, "bro": 5, "haha": 0, "damn": 0}, "DrMaureenHanson": {"game": 0, "love": 0, "thanks": 4, "win": 9, "undisputed": 0, "lol": 0, "happy": 0, "bro": 8, "haha": 0, "damn": 0}, "GeoffreyWCoates": {"game": 1, "love": 1, "thanks": 28, "win": 4, "undisputed": 0, "lol": 1, "happy": 5, "bro": 5, "haha": 1, "damn": 0}}