[
  {
    "text": "game",
    "value": 14442, 
    "format": "game"
  },
  {
    "text": "love",
    "value": 13863, 
    "format": "love"
  },
  {
    "text": "thanks",
    "value": 10143,
    "format": "thanks"
  },
  {
    "text": "win",
    "value": 10125, 
    "format": "win"
  },
  {
    "text": "undisputed",
    "value": 10009, 
    "format": "undisputed"
  }, 
  {
    "text": "lol",
    "value": 7317, 
    "format": "lol"
  },
  {
    "text": "happy",
    "value": 5738, 
    "format": "happy"
  },
  {
    "text": "bro",
    "value": 4963, 
    "format": "bro"
  },
  {
    "text": "haha",
    "value": 4708, 
    "format": "haha"
  },
  {
    "text": "damn",
    "value": 3989,
    "format": "damn"
  }
]
