{"Alabama": {"RealSkipBayless": 98, "ShannonSharpe": 84, "PatMcAfeeShow": 57, "stephenasmith": 60, "maxkellerman": 11, "total": 310}, "Alaska": {"RealSkipBayless": 0, "ShannonSharpe": 21, "PatMcAfeeShow": 8, "stephenasmith": 0, "maxkellerman": 0, "total": 29}, "Arizona": {"RealSkipBayless": 115, "ShannonSharpe": 31, "PatMcAfeeShow": 40, "stephenasmith": 14, "maxkellerman": 1, "total": 201}, "Arkansas": {"RealSkipBayless": 12, "ShannonSharpe": 13, "PatMcAfeeShow": 13, "stephenasmith": 2, "maxkellerman": 0, "total": 40}, "California": {"RealSkipBayless": 9, "ShannonSharpe": 8, "PatMcAfeeShow": 19, "stephenasmith": 4, "maxkellerman": 5, "total": 45}, "Colorado": {"RealSkipBayless": 5, "ShannonSharpe": 98, "PatMcAfeeShow": 18, "stephenasmith": 2, "maxkellerman": 1, "total": 124}, "Connecticut": {"RealSkipBayless": 0, "ShannonSharpe": 2, "PatMcAfeeShow": 8, "stephenasmith": 0, "maxkellerman": 0, "total": 10}, "Delaware": {"RealSkipBayless": 1, "ShannonSharpe": 4, "PatMcAfeeShow": 3, "stephenasmith": 8, "maxkellerman": 0, "total": 16}, "District of Columbia": {"RealSkipBayless": 0, "ShannonSharpe": 0, "PatMcAfeeShow": 0, "stephenasmith": 0, "maxkellerman": 0, "total": 0}, "Florida": {"RealSkipBayless": 45, "ShannonSharpe": 48, "PatMcAfeeShow": 50, "stephenasmith": 17, "maxkellerman": 5, "total": 165}, "Georgia": {"RealSkipBayless": 37, "ShannonSharpe": 51, "PatMcAfeeShow": 48, "stephenasmith": 12, "maxkellerman": 1, "total": 149}, "Hawaii": {"RealSkipBayless": 2, "ShannonSharpe": 14, "PatMcAfeeShow": 26, "stephenasmith": 3, "maxkellerman": 1, "total": 46}, "Idaho": {"RealSkipBayless": 0, "ShannonSharpe": 18, "PatMcAfeeShow": 5, "stephenasmith": 0, "maxkellerman": 0, "total": 23}, "Illinois": {"RealSkipBayless": 3, "ShannonSharpe": 7, "PatMcAfeeShow": 14, "stephenasmith": 3, "maxkellerman": 0, "total": 27}, "Indiana": {"RealSkipBayless": 61, "ShannonSharpe": 96, "PatMcAfeeShow": 473, "stephenasmith": 21, "maxkellerman": 1, "total": 652}, "Iowa": {"RealSkipBayless": 45, "ShannonSharpe": 35, "PatMcAfeeShow": 38, "stephenasmith": 3, "maxkellerman": 1, "total": 122}, "Kansas": {"RealSkipBayless": 83, "ShannonSharpe": 43, "PatMcAfeeShow": 52, "stephenasmith": 19, "maxkellerman": 2, "total": 199}, "Kentucky": {"RealSkipBayless": 85, "ShannonSharpe": 65, "PatMcAfeeShow": 34, "stephenasmith": 46, "maxkellerman": 13, "total": 243}, "Louisiana": {"RealSkipBayless": 3, "ShannonSharpe": 3, "PatMcAfeeShow": 7, "stephenasmith": 1, "maxkellerman": 0, "total": 14}, "Maine": {"RealSkipBayless": 17, "ShannonSharpe": 847, "PatMcAfeeShow": 10, "stephenasmith": 17, "maxkellerman": 2, "total": 893}, "Maryland": {"RealSkipBayless": 3, "ShannonSharpe": 14, "PatMcAfeeShow": 18, "stephenasmith": 2, "maxkellerman": 0, "total": 37}, "Massachusetts": {"RealSkipBayless": 0, "ShannonSharpe": 3, "PatMcAfeeShow": 2, "stephenasmith": 1, "maxkellerman": 0, "total": 6}, "Michigan": {"RealSkipBayless": 90, "ShannonSharpe": 37, "PatMcAfeeShow": 52, "stephenasmith": 48, "maxkellerman": 3, "total": 230}, "Minnesota": {"RealSkipBayless": 43, "ShannonSharpe": 45, "PatMcAfeeShow": 45, "stephenasmith": 11, "maxkellerman": 0, "total": 144}, "Mississippi": {"RealSkipBayless": 5, "ShannonSharpe": 8, "PatMcAfeeShow": 4, "stephenasmith": 1, "maxkellerman": 1, "total": 19}, "Missouri": {"RealSkipBayless": 11, "ShannonSharpe": 9, "PatMcAfeeShow": 1, "stephenasmith": 6, "maxkellerman": 0, "total": 27}, "Montana": {"RealSkipBayless": 63, "ShannonSharpe": 184, "PatMcAfeeShow": 27, "stephenasmith": 13, "maxkellerman": 5, "total": 292}, "Nebraska": {"RealSkipBayless": 10, "ShannonSharpe": 11, "PatMcAfeeShow": 8, "stephenasmith": 2, "maxkellerman": 3, "total": 34}, "Nevada": {"RealSkipBayless": 9, "ShannonSharpe": 0, "PatMcAfeeShow": 4, "stephenasmith": 0, "maxkellerman": 1, "total": 14}, "New Hampshire": {"RealSkipBayless": 0, "ShannonSharpe": 1, "PatMcAfeeShow": 0, "stephenasmith": 0, "maxkellerman": 0, "total": 1}, "New Jersey": {"RealSkipBayless": 1, "ShannonSharpe": 4, "PatMcAfeeShow": 16, "stephenasmith": 3, "maxkellerman": 0, "total": 24}, "New Mexico": {"RealSkipBayless": 0, "ShannonSharpe": 1, "PatMcAfeeShow": 12, "stephenasmith": 0, "maxkellerman": 1, "total": 14}, "New York": {"RealSkipBayless": 48, "ShannonSharpe": 30, "PatMcAfeeShow": 51, "stephenasmith": 131, "maxkellerman": 12, "total": 272}, "North Carolina": {"RealSkipBayless": 5, "ShannonSharpe": 1, "PatMcAfeeShow": 6, "stephenasmith": 2, "maxkellerman": 0, "total": 14}, "North Dakota": {"RealSkipBayless": 2, "ShannonSharpe": 2, "PatMcAfeeShow": 4, "stephenasmith": 0, "maxkellerman": 0, "total": 8}, "Ohio": {"RealSkipBayless": 141, "ShannonSharpe": 77, "PatMcAfeeShow": 96, "stephenasmith": 43, "maxkellerman": 7, "total": 364}, "Oklahoma": {"RealSkipBayless": 192, "ShannonSharpe": 65, "PatMcAfeeShow": 29, "stephenasmith": 12, "maxkellerman": 1, "total": 299}, "Oregon": {"RealSkipBayless": 76, "ShannonSharpe": 58, "PatMcAfeeShow": 25, "stephenasmith": 7, "maxkellerman": 2, "total": 168}, "Pennsylvania": {"RealSkipBayless": 1, "ShannonSharpe": 2, "PatMcAfeeShow": 19, "stephenasmith": 0, "maxkellerman": 0, "total": 22}, "Puerto Rico": {"RealSkipBayless": 0, "ShannonSharpe": 2, "PatMcAfeeShow": 11, "stephenasmith": 0, "maxkellerman": 0, "total": 13}, "Rhode Island": {"RealSkipBayless": 0, "ShannonSharpe": 1, "PatMcAfeeShow": 1, "stephenasmith": 0, "maxkellerman": 0, "total": 2}, "South Carolina": {"RealSkipBayless": 4, "ShannonSharpe": 11, "PatMcAfeeShow": 6, "stephenasmith": 2, "maxkellerman": 0, "total": 23}, "South Dakota": {"RealSkipBayless": 1, "ShannonSharpe": 0, "PatMcAfeeShow": 6, "stephenasmith": 0, "maxkellerman": 0, "total": 7}, "Tennessee": {"RealSkipBayless": 26, "ShannonSharpe": 41, "PatMcAfeeShow": 39, "stephenasmith": 3, "maxkellerman": 3, "total": 112}, "Texas": {"RealSkipBayless": 224, "ShannonSharpe": 98, "PatMcAfeeShow": 78, "stephenasmith": 29, "maxkellerman": 7, "total": 436}, "Utah": {"RealSkipBayless": 96, "ShannonSharpe": 28, "PatMcAfeeShow": 16, "stephenasmith": 15, "maxkellerman": 2, "total": 157}, "Vermont": {"RealSkipBayless": 0, "ShannonSharpe": 0, "PatMcAfeeShow": 2, "stephenasmith": 0, "maxkellerman": 0, "total": 2}, "Virginia": {"RealSkipBayless": 19, "ShannonSharpe": 14, "PatMcAfeeShow": 79, "stephenasmith": 4, "maxkellerman": 0, "total": 116}, "Washington": {"RealSkipBayless": 142, "ShannonSharpe": 172, "PatMcAfeeShow": 92, "stephenasmith": 35, "maxkellerman": 9, "total": 450}, "West Virginia": {"RealSkipBayless": 4, "ShannonSharpe": 1, "PatMcAfeeShow": 56, "stephenasmith": 0, "maxkellerman": 0, "total": 61}, "Wisconsin": {"RealSkipBayless": 24, "ShannonSharpe": 18, "PatMcAfeeShow": 23, "stephenasmith": 10, "maxkellerman": 3, "total": 78}, "Wyoming": {"RealSkipBayless": 1, "ShannonSharpe": 26, "PatMcAfeeShow": 1, "stephenasmith": 2, "maxkellerman": 0, "total": 30}, "Num_Tweets": {"RealSkipBayless": 54136, "ShannonSharpe": 134837, "PatMcAfeeShow": 67721, "stephenasmith": 38350, "maxkellerman": 6874, "total": 301918}, "total": {"RealSkipBayless": 1862, "ShannonSharpe": 2452, "PatMcAfeeShow": 1752, "stephenasmith": 614, "maxkellerman": 104}}