[
  {
    "usergroup": "Sport Analyst",
    "users": ["maxkellerman", "PatMcAfeeShow", "RealSkipBayless", "ShannonSharpe", "stephenasmith"],
    "names": ["Max Kellerman", "Pat McAfee", "Skip Bayless", "Shannon Sharpe", "Steven A. Smith"]
  },
  {
    "usergroup": "Actor or Actress",
    "users": ["AnnaKendrick47", "EmmaWatson", "Matt_Leblanc", "RobertDowneyJr", "VancityReynolds"],
    "names": ["Anna Kendrick", "Emma Watson", "Matt LeBlanc", "Robert Downey Jr", "Ryan Reynolds"]
  },
  {
    "usergroup": "NBA Player",
    "users": ["Giannis_An34", "JoelEmbiid", "KingJames", "StephenCurry30", "KDTrey5"],
    "names": ["Giannis Antetokounmpo", "Joel Embiid", "Lebron James", "Stephen Curry", "Kevin Durant"]
  },
  {
    "usergroup": "Musician",
    "users": ["CousinStizz", "justinbieber", "ladygaga", "steveaoki", "trvisXX"],
    "names": ["Cousin Stizz", "Justin Bieber", "Lady Gaga", "Steve Aoki", "Travis Scott"]
  },
  {
    "usergroup": "Entrepreneur",
    "users": ["ariannahuff", "ev", "mcuban", "TonyRobbins", "travisk"],
    "names": ["Arianna Huffington", "Evan Williams", "Mark Cuban", "Tony Robbins", "Travis Kalanich"]
  },
  {
    "usergroup": "Cornell Faculty",
    "users": ["DrMaureenHanson", "GeoffreyWCoates", "informor", "Jsipple", "soumitradutta"],
    "names": ["Maureen Hanson", "Geoff Coates", "Mor Naaman", "John W Sipple", "Soumitra Dutta"]
  }
]
