[
    {
        "text": "like",
        "value": 354
    },
    {
        "text": "love",
        "value": 279
    },
    {
        "text": "thank",
        "value": 277
    },
    {
        "text": "aviationgin",
        "value": 254
    },
    {
        "text": "now",
        "value": 246
    },
    {
        "text": "day",
        "value": 210
    },
    {
        "text": "happy",
        "value": 209
    },
    {
        "text": "time",
        "value": 197
    },
    {
        "text": "know",
        "value": 194
    },
    {
        "text": "see",
        "value": 185
    },
    {
        "text": "people",
        "value": 157
    },
    {
        "text": "new",
        "value": 144
    },
    {
        "text": "think",
        "value": 126
    },
    {
        "text": "deadpool",
        "value": 117
    },
    {
        "text": "first",
        "value": 111
    },
    {
        "text": "life",
        "value": 108
    },
    {
        "text": "work",
        "value": 107
    },
    {
        "text": "thejudge",
        "value": 103
    },
    {
        "text": "want",
        "value": 102
    },
    {
        "text": "amazing",
        "value": 100
    },
    {
        "text": "feel",
        "value": 97
    },
    {
        "text": "mintmobile",
        "value": 95
    },
    {
        "text": "women",
        "value": 93
    },
    {
        "text": "movie",
        "value": 92
    }
]