[
    {
        "text": "lol",
        "value": 4605
    },
    {
        "text": "man",
        "value": 2152
    },
    {
        "text": "game",
        "value": 1764
    },
    {
        "text": "bro",
        "value": 1509
    },
    {
        "text": "right",
        "value": 888
    },
    {
        "text": "know",
        "value": 833
    },
    {
        "text": "yea",
        "value": 832
    },
    {
        "text": "today",
        "value": 776
    },
    {
        "text": "tonight",
        "value": 770
    },
    {
        "text": "happy",
        "value": 761
    },
    {
        "text": "kno",
        "value": 721
    },
    {
        "text": "waldorfsfinest",
        "value": 709
    },
    {
        "text": "jus",
        "value": 688
    },
    {
        "text": "win",
        "value": 678
    },
    {
        "text": "play",
        "value": 661
    },
    {
        "text": "congrats",
        "value": 649
    },
    {
        "text": "wit",
        "value": 638
    },
    {
        "text": "big",
        "value": 637
    },
    {
        "text": "team",
        "value": 621
    },
    {
        "text": "yall",
        "value": 583
    },
    {
        "text": "keep",
        "value": 566
    },
    {
        "text": "kingjames",
        "value": 566
    }
]