[
    {
        "text": "new",
        "value": 380
    },
    {
        "text": "data",
        "value": 338
    },
    {
        "text": "work",
        "value": 306
    },
    {
        "text": "paper",
        "value": 287
    },
    {
        "text": "time",
        "value": 257
    },
    {
        "text": "social",
        "value": 251
    },
    {
        "text": "well",
        "value": 226
    },
    {
        "text": "media",
        "value": 222
    },
    {
        "text": "today",
        "value": 215
    },
    {
        "text": "cornell",
        "value": 211
    },
    {
        "text": "think",
        "value": 209
    },
    {
        "text": "research",
        "value": 179
    },
    {
        "text": "students",
        "value": 178
    },
    {
        "text": "first",
        "value": 175
    },
    {
        "text": "congrats",
        "value": 168
    },
    {
        "text": "innovation",
        "value": 158
    },
    {
        "text": "tech",
        "value": 143
    }
]