[
    {
        "text": "sharpe",
        "value": 78190
    },
    {
        "text": "undisputed",
        "value": 10009
    },
    {
        "text": "amp",
        "value": 9184
    },
    {
        "text": "win",
        "value": 8948
    },
    {
        "text": "lebron",
        "value": 7718
    },
    {
        "text": "love",
        "value": 7223
    },
    {
        "text": "nfl",
        "value": 7164
    },
    {
        "text": "patmcafeeshow",
        "value": 6279
    },
    {
        "text": "thanks",
        "value": 5445
    },
    {
        "text": "brady",
        "value": 5208
    },
    {
        "text": "shannon",
        "value": 4530
    },
    {
        "text": "broncos",
        "value": 4354
    },
    {
        "text": "cowboys",
        "value": 3979
    },
    {
        "text": "tebowsourqb",
        "value": 3968
    },
    {
        "text": "haha",
        "value": 3768
    },
    {
        "text": "players",
        "value": 3616
    },
    {
        "text": "brother",
        "value": 3574
    },
    {
        "text": "damn",
        "value": 3517
    },
    {
        "text": "tonight",
        "value": 3492
    },
    {
        "text": "guys",
        "value": 3362
    },
    {
        "text": "podcast",
        "value": 3355
    },
    {
        "text": "coach",
        "value": 3316
    },
    {
        "text": "cont",
        "value": 3315
    },
    {
        "text": "run",
        "value": 3300
    },
    {
        "text": "nba",
        "value": 3201
    },
    {
        "text": "keep",
        "value": 3181
    },
    {
        "text": "tebow",
        "value": 3131
    },
    {
        "text": "tomorrow",
        "value": 3025
    },
    {
        "text": "games",
        "value": 3010
    },
    {
        "text": "football",
        "value": 2986
    },
    {
        "text": "mvp",
        "value": 2727
    },
    {
        "text": "stephen",
        "value": 2696
    },
    {
        "text": "bro",
        "value": 2693
    },
    {
        "text": "top",
        "value": 2633
    },
    {
        "text": "lakers",
        "value": 2632
    },
    {
        "text": "fans",
        "value": 2625
    },
    {
        "text": "week",
        "value": 2618
    }
]