[
  {
    "text": "shannonsharpe",
    "value": 78198
  },
  {
    "text": "now",
    "value": 25405
  },
  {
    "text": "like",
    "value": 20000
  },
  {
    "text": "think",
    "value": 16002
  },
  {
    "text": "time",
    "value": 14521
  },
  {
    "text": "game",
    "value": 14442
  },
  {
    "text": "love",
    "value": 13863
  },
  {
    "text": "know",
    "value": 13583
  },
  {
    "text": "see",
    "value": 13351
  },
  {
    "text": "amp",
    "value": 13111
  },
  {
    "text": "today",
    "value": 12204
  },
  {
    "text": "back",
    "value": 11631
  },
  {
    "text": "right",
    "value": 11083
  },
  {
    "text": "man",
    "value": 10862
  },
  {
    "text": "last",
    "value": 10694
  },
  {
    "text": "thanks",
    "value": 10143
  },
  {
    "text": "win",
    "value": 10125
  },
  {
    "text": "going",
    "value": 10103
  },
  {
    "text": "new",
    "value": 10044
  },
  {
    "text": "undisputed",
    "value": 10009
  },
  {
    "text": "play",
    "value": 9929
  },
  {
    "text": "best",
    "value": 9689
  },
  {
    "text": "great",
    "value": 9533
  },
  {
    "text": "show",
    "value": 9170
  },
  {
    "text": "still",
    "value": 9057
  },
  {
    "text": "day",
    "value": 8862
  },
  {
    "text": "team",
    "value": 8587
  },
  {
    "text": "big",
    "value": 8470
  },
  {
    "text": "take",
    "value": 8294
  },
  {
    "text": "thank",
    "value": 8033
  },
  {
    "text": "lebron",
    "value": 7870
  },
  {
    "text": "yes",
    "value": 7843
  },
  {
    "text": "way",
    "value": 7797
  },
  {
    "text": "lol",
    "value": 7317
  },
  {
    "text": "next",
    "value": 7275
  },
  {
    "text": "nfl",
    "value": 7255
  },
  {
    "text": "want",
    "value": 7077
  },
  {
    "text": "need",
    "value": 6917
  },
  {
    "text": "well",
    "value": 6679
  },
  {
    "text": "night",
    "value": 6528
  },
  {
    "text": "tonight",
    "value": 6506
  },
  {
    "text": "people",
    "value": 6500
  },
  {
    "text": "year",
    "value": 6406
  },
  {
    "text": "patmcafeeshow",
    "value": 6279
  },
  {
    "text": "watch",
    "value": 6274
  },
  {
    "text": "come",
    "value": 6186
  },
  {
    "text": "live",
    "value": 5796
  },
  {
    "text": "first",
    "value": 5746
  },
  {
    "text": "happy",
    "value": 5738
  },
  {
    "text": "gonna",
    "value": 5490
  },
  {
    "text": "brady",
    "value": 5262
  },
  {
    "text": "sure",
    "value": 5148
  },
  {
    "text": "season",
    "value": 5116
  },
  {
    "text": "made",
    "value": 5110
  },
  {
    "text": "look",
    "value": 5101
  },
  {
    "text": "com",
    "value": 5055
  },
  {
    "text": "guys",
    "value": 5036
  },
  {
    "text": "bro",
    "value": 4963
  },
  {
    "text": "coming",
    "value": 4944
  },
  {
    "text": "believe",
    "value": 4741
  },
  {
    "text": "bad",
    "value": 4733
  },
  {
    "text": "haha",
    "value": 4708
  },
  {
    "text": "life",
    "value": 4683
  },
  {
    "text": "give",
    "value": 4659
  },
  {
    "text": "guy",
    "value": 4599
  },
  {
    "text": "tomorrow",
    "value": 4565
  },
  {
    "text": "shannon",
    "value": 4553
  },
  {
    "text": "playing",
    "value": 4497
  },
  {
    "text": "keep",
    "value": 4439
  },
  {
    "text": "tell",
    "value": 4428
  },
  {
    "text": "player",
    "value": 4412
  },
  {
    "text": "brother",
    "value": 4397
  },
  {
    "text": "ball",
    "value": 4373
  },
  {
    "text": "broncos",
    "value": 4356
  },
  {
    "text": "hope",
    "value": 4251
  },
  {
    "text": "fans",
    "value": 4241
  },
  {
    "text": "hey",
    "value": 4156
  },
  {
    "text": "talk",
    "value": 4050
  },
  {
    "text": "cowboys",
    "value": 4049
  },
  {
    "text": "world",
    "value": 4033
  },
  {
    "text": "week",
    "value": 4006
  },
  {
    "text": "damn",
    "value": 3989
  },
  {
    "text": "tebowsourqb",
    "value": 3968
  },
  {
    "text": "work",
    "value": 3950
  },
  {
    "text": "call",
    "value": 3945
  },
  {
    "text": "little",
    "value": 3909
  },
  {
    "text": "played",
    "value": 3871
  },
  {
    "text": "players",
    "value": 3808
  },
  {
    "text": "long",
    "value": 3783
  },
  {
    "text": "nba",
    "value": 3713
  },
  {
    "text": "run",
    "value": 3701
  },
  {
    "text": "coach",
    "value": 3696
  },
  {
    "text": "thought",
    "value": 3668
  },
  {
    "text": "home",
    "value": 3623
  },
  {
    "text": "check",
    "value": 3560
  },
  {
    "text": "podcast",
    "value": 3473
  },
  {
    "text": "hard",
    "value": 3471
  },
  {
    "text": "cont",
    "value": 3468
  },
  {
    "text": "maybe",
    "value": 3440
  },
  {
    "text": "feel",
    "value": 3428
  }
]