[
    {
        "text": "uber",
        "value": 1402
    },
    {
        "text": "people",
        "value": 1133
    },
    {
        "text": "life",
        "value": 1109
    },
    {
        "text": "twitter",
        "value": 817
    },
    {
        "text": "like",
        "value": 811
    },
    {
        "text": "business",
        "value": 698
    },
    {
        "text": "bit",
        "value": 686
    },
    {
        "text": "take",
        "value": 669
    },
    {
        "text": "great",
        "value": 640
    },
    {
        "text": "think",
        "value": 635
    },
    {
        "text": "work",
        "value": 612
    },
    {
        "text": "tony",
        "value": 569
    },
    {
        "text": "change",
        "value": 532
    },
    {
        "text": "going",
        "value": 516
    },
    {
        "text": "best",
        "value": 508
    },
    {
        "text": "help",
        "value": 503
    },
    {
        "text": "world",
        "value": 474
    },
    {
        "text": "live",
        "value": 447
    },
    {
        "text": "learn",
        "value": 374
    }
]